{"cameraMode":{"drawMode":0,"name":"Shaded","section":"Shading Mode"},"sceneLighting":false,"audioPlay":false,"sceneViewState":{"showFog":false,"showMaterialUpdate":false,"showSkybox":false,"showFlares":false,"showImageEffects":false,"showParticleSystems":false},"in2DMode":false,"pivot":{"x":-0.9254708290100098,"y":-4.566281795501709,"z":-11.05209732055664},"rotation":{"x":-0.0017989027546718717,"y":0.984270453453064,"z":-0.17637284100055695,"w":-0.010038986802101136},"size":18.04827880859375,"orthographic":false}