{"cameraMode":{"drawMode":0,"name":"Shaded","section":"Shading Mode"},"sceneLighting":false,"audioPlay":false,"sceneViewState":{"showFog":false,"showMaterialUpdate":false,"showSkybox":false,"showFlares":false,"showImageEffects":false,"showParticleSystems":false},"in2DMode":false,"pivot":{"x":-10.765999794006348,"y":-4.840000152587891,"z":0.0},"rotation":{"x":0.31085869669914248,"y":-0.14186589419841767,"z":0.04698425158858299,"w":0.9386423230171204},"size":15.681060791015625,"orthographic":false}